0,tcp,http,SF,310,1512,0,0,0,0,0,1,0,0,0,0,0,0,0,0,0,0,11,11,0,0,0,0,1,0,0,173,255,1,0,0.01,0.01,0,0,0,0,normal
1179,udp,other,SF,146,105,0,0,0,0,0,0,0,0,0,0,0,0,0,0,0,0,1,1,0,0,0,0,1,0,0,33,14,0.42,0.12,1,0,0,0,0,0,snmpgetattack
0,tcp,http,SF,224,595,0,0,0,0,0,1,0,0,0,0,0,0,0,0,0,0,2,2,0,0,0,0,1,0,0,2,255,1,0,0.5,0.02,0,0,0,0,normal
0,udp,domain_u,SF,44,44,0,0,0,0,0,0,0,0,0,0,0,0,0,0,0,0,3,3,0,0,0,0,0.67,0.67,0.67,255,250,0.98,0.01,0.01,0,0,0,0,0,normal
0,udp,domain_u,SF,44,71,0,0,0,0,0,0,0,0,0,0,0,0,0,0,0,0,404,404,0,0,0,0,1,0,0,255,254,1,0.01,0,0,0,0,0,0,normal
0,tcp,http,SF,192,13332,0,0,0,0,0,1,0,0,0,0,0,0,1,0,0,0,1,1,0,0,0,0,1,0,0,255,131,0.51,0.03,0,0,0,0,0.01,0,normal
0,tcp,http,SF,212,3336,0,0,0,0,0,1,0,0,0,0,0,0,0,0,0,0,2,2,0,0,0,0,1,0,0,34,255,1,0,0.03,0.07,0.03,0.01,0,0,normal
807,tcp,http,RSTR,58624,1,0,0,0,0,0,1,0,0,0,0,0,0,0,0,0,0,43,43,0.02,0.02,0.98,0.98,1,0,0,255,253,0.99,0.01,0,0,0.01,0.01,0.71,0.72,apache2
0,icmp,ecr_i,SF,1008,0,0,0,0,0,0,0,0,0,0,0,0,0,0,0,0,0,236,236,0,0,0,0,1,0,0,255,255,1,0,1,0,0,0,0,0,smurf
0,tcp,http,SF,193,313,0,0,0,0,0,1,0,0,0,0,0,0,0,0,0,0,31,31,0,0,0,0,1,0,0,81,255,1,0,0.01,0.04,0,0,0,0,normal
0,udp,private,SF,45,45,0,0,0,0,0,0,0,0,0,0,0,0,0,0,0,0,2,2,0,0,0,0,1,0,0,255,255,1,0,0.02,0,0,0,0,0,snmpguess
0,icmp,eco_i,SF,20,0,0,0,0,0,0,0,0,0,0,0,0,0,0,0,0,0,1,70,0,0,0,0,1,0,1,3,36,1,0,1,0.28,0,0,0,0,saint
901,tcp,http,RSTR,59424,0,0,0,0,0,0,1,0,0,0,0,0,0,0,0,0,0,67,67,0,0,1,1,1,0,0,255,255,1,0,0,0,0,0,0.36,0.36,apache2
0,udp,private,SF,50,48,0,0,0,0,0,0,0,0,0,0,0,0,0,0,0,0,511,511,0,0,0,0,1,0,0,255,255,1,0,0.83,0,0,0,0,0,normal
0,tcp,time,RSTO,0,0,0,0,0,0,0,0,0,0,0,0,0,0,0,0,0,0,233,8,0,0,1,1,0.03,0.07,0,255,8,0.03,0.08,0,0,0,0,1,1,neptune
0,tcp,private,S0,0,0,0,0,0,0,0,0,0,0,0,0,0,0,0,0,0,0,133,13,1,1,0,0,0.1,0.06,0,255,13,0.05,0.06,0,0,1,1,0,0,neptune
0,udp,private,SF,105,0,0,0,0,0,0,0,0,0,0,0,0,0,0,0,0,0,1,1,0,0,0,0,1,0,0,255,254,1,0.01,0,0,0,0,0,0,snmpgetattack
0,tcp,http,SF,235,8135,0,0,0,0,0,1,0,0,0,0,0,0,0,0,0,0,8,16,0,0,0,0,1,0,0.19,65,251,1,0,0.02,0.05,0,0,0,0,normal
0,tcp,http,SF,298,283,0,0,0,0,0,1,0,0,0,0,0,0,0,0,0,0,1,1,0,0,0,0,1,0,0,255,255,1,0,0,0,0,0,0,0,normal
0,tcp,ldap,REJ,0,0,0,0,0,0,0,0,0,0,0,0,0,0,0,0,0,0,250,2,0,0,1,1,0.01,0.07,0,255,2,0.01,0.07,0,0,0,0,1,1,neptune
8228,tcp,telnet,SF,0,15,0,0,0,0,0,0,0,0,0,0,0,0,0,0,0,0,1,1,0,0,0,0,1,0,0,255,33,0.13,0.04,0,0,0,0.03,0.08,0.3,processtable
0,tcp,private,S0,0,0,0,0,0,0,0,0,0,0,0,0,0,0,0,0,0,0,122,4,1,1,0,0,0.03,0.09,0,255,4,0.02,0.09,0,0,1,1,0,0,neptune
0,icmp,ecr_i,SF,1032,0,0,0,0,0,0,0,0,0,0,0,0,0,0,0,0,0,511,511,0,0,0,0,1,0,0,255,183,0.72,0.02,0.72,0,0,0,0,0,smurf
0,udp,domain_u,SF,43,43,0,0,0,0,0,0,0,0,0,0,0,0,0,0,0,0,111,111,0,0,0,0,1,0,0,255,255,1,0,0,0,0,0,0,0,normal
0,udp,private,SF,105,145,0,0,0,0,0,0,0,0,0,0,0,0,0,0,0,0,1,1,0,0,0,0,1,0,0,255,254,1,0.01,0.01,0,0,0,0,0,normal
0,udp,domain_u,SF,45,138,0,0,0,0,0,0,0,0,0,0,0,0,0,0,0,0,98,178,0,0,0,0,0.99,0.02,0.01,255,254,1,0.01,0,0,0,0,0,0,normal
0,tcp,domain,S0,0,0,0,0,0,0,0,0,0,0,0,0,0,0,0,0,0,0,154,3,1,1,0,0,0.02,0.1,0,255,3,0.01,0.1,0,0,1,1,0,0,neptune
0,tcp,http,SF,209,1374,0,0,0,0,0,1,0,0,0,0,0,0,0,0,0,0,18,23,0,0,0,0,1,0,0.17,198,255,1,0,0.01,0.03,0,0,0,0,normal
0,udp,private,SF,105,147,0,0,0,0,0,0,0,0,0,0,0,0,0,0,0,0,1,1,0,0,0,0,1,0,0,255,254,1,0.01,0,0,0,0,0,0,normal
806,tcp,http,RSTR,60064,1,0,0,0,0,0,1,0,0,0,0,0,0,0,0,0,0,36,36,0,0,1,1,1,0,0,255,253,0.99,0.01,0,0,0.01,0.01,0.53,0.54,apache2
0,icmp,ecr_i,SF,1032,0,0,0,0,0,0,0,0,0,0,0,0,0,0,0,0,0,33,33,0,0,0,0,1,0,0,255,255,1,0,1,0,0,0,0,0,smurf
0,tcp,private,S0,0,0,0,0,0,0,0,0,0,0,0,0,0,0,0,0,0,0,171,14,1,1,0,0,0.08,0.09,0,255,14,0.05,0.1,0,0,1,1,0,0,neptune
0,tcp,http,SF,340,29,0,0,0,0,0,1,0,0,0,0,0,0,0,0,0,0,7,7,0,0,0,0,1,0,0,82,255,1,0,0.01,0.02,0,0,0,0,normal
0,tcp,http,SF,177,2175,0,0,0,0,0,1,0,0,0,0,0,0,0,0,0,0,1,25,0,0,0,0,1,0,0.12,255,248,0.97,0.01,0,0,0,0,0,0,normal
0,tcp,telnet,SF,119,174,0,0,0,0,1,0,0,0,0,0,0,0,0,0,0,0,3,3,0,0,0,0,1,0,0,255,69,0.27,0.02,0,0,0,0,0.01,0.04,guess_passwd
0,tcp,http,SF,239,1611,0,0,0,0,0,1,0,0,0,0,0,0,0,0,0,0,19,19,0,0,0,0,1,0,0,42,106,1,0,0.02,0.02,0,0,0,0,normal
0,tcp,private,REJ,0,0,0,0,0,0,0,0,0,0,0,0,0,0,0,0,0,0,271,6,0,0,1,1,0.02,0.06,0,255,6,0.02,0.06,0,0,0,0,1,1,neptune
0,icmp,ecr_i,SF,1008,0,0,0,0,0,0,0,0,0,0,0,0,0,0,0,0,0,43,43,0,0,0,0,1,0,0,255,255,1,0,1,0,0,0,0,0,smurf
1964,tcp,telnet,SF,3760,29364,0,0,0,2,0,1,8,1,0,4,4,0,0,0,0,0,1,1,0,0,0,0,1,0,0,255,3,0.01,0.84,0,0,0,0,0.83,0,buffer_overflow
0,tcp,private,SH,0,0,0,0,0,0,0,0,0,0,0,0,0,0,0,0,0,0,1,1,1,1,0,0,1,0,0,167,1,0.01,1,1,0,1,1,0,0,nmap
0,tcp,http,SF,246,4323,0,0,0,0,0,1,0,0,0,0,0,0,0,0,0,0,7,7,0,0,0,0,1,0,0,163,255,1,0,0.01,0.01,0,0,0,0,normal
0,tcp,ftp_data,SF,738,0,0,0,0,0,0,0,0,0,0,0,0,0,0,0,0,0,2,2,0,0,0,0,1,0,0,170,44,0.26,0.02,0.26,0,0.01,0,0.02,0,normal
0,tcp,private,REJ,0,0,0,0,0,0,0,0,0,0,0,0,0,0,0,0,0,0,224,3,0,0,1,1,0.01,0.08,0,255,3,0.01,0.07,0,0,0,0,1,1,neptune
0,udp,private,SF,1,1,0,0,0,0,0,0,0,0,0,0,0,0,0,0,0,0,115,1,0,0,0,0,0.01,0.97,0,255,1,0,0.85,1,0,0,0,0,0,satan
0,icmp,ecr_i,SF,1032,0,0,0,0,0,0,0,0,0,0,0,0,0,0,0,0,0,104,104,0,0,0,0,1,0,0,255,255,1,0,1,0,0,0,0,0,smurf
0,tcp,csnet_ns,REJ,0,0,0,0,0,0,0,0,0,0,0,0,0,0,0,0,0,0,232,3,0,0,1,1,0.01,0.07,0,255,3,0.01,0.08,0,0,0,0,1,1,neptune
0,tcp,remote_job,REJ,0,0,0,0,0,0,0,0,0,0,0,0,0,0,0,0,0,0,235,3,0,0,1,1,0.01,0.06,0,255,3,0.01,0.07,0,0,0,0,1,1,neptune
0,tcp,http,SF,325,1482,0,0,0,0,0,1,0,0,0,0,0,0,0,0,0,0,17,17,0,0,0,0,1,0,0,172,242,1,0,0.01,0.02,0,0,0,0,normal
0,tcp,http,SF,335,241,0,0,0,0,0,1,0,0,0,0,0,0,0,0,0,0,4,17,0,0,0,0,1,0,0.12,97,251,1,0,0.01,0.04,0,0,0,0,normal
0,tcp,http,SF,302,134000,0,0,0,0,0,1,0,0,0,0,0,0,0,0,0,0,1,1,0,0,0,0,1,0,0,5,255,1,0,0.2,0.07,0,0,0,0,normal
0,icmp,ecr_i,SF,508,0,0,0,0,0,0,0,0,0,0,0,0,0,0,0,0,0,119,119,0,0,0,0,1,0,0,255,255,1,0,1,0,0,0,0,0,smurf
0,tcp,private,REJ,0,0,0,0,0,0,0,0,0,0,0,0,0,0,0,0,0,0,236,19,0,0,1,1,0.08,0.08,0,255,19,0.07,0.08,0,0,0,0,1,1,neptune
0,tcp,private,REJ,0,0,0,0,0,0,0,0,0,0,0,0,0,0,0,0,0,0,107,12,0,0,1,1,0.11,0.06,0,255,12,0.05,0.05,0,0,0,0,1,1,neptune
0,tcp,telnet,S3,0,44,0,0,0,0,0,0,0,0,0,0,0,0,0,0,0,0,1,1,1,1,0,0,1,0,0,255,111,0.44,0.5,0,0,0.34,0.77,0.49,0,processtable
0,tcp,sunrpc,REJ,0,0,0,0,0,0,0,0,0,0,0,0,0,0,0,0,0,0,5,2,0,0,0.8,1,0.2,0.8,1,215,2,0.01,0.03,0,0,0,0,0.06,1,mscan
0,tcp,http,SF,219,5169,0,0,0,0,0,1,0,0,0,0,0,0,0,0,0,0,6,19,0,0,0,0,1,0,0.21,6,255,1,0,0.17,0.03,0,0,0,0,normal
280,tcp,ftp_data,SF,283618,0,0,0,0,1,0,0,0,0,0,0,0,0,0,0,0,0,1,3,0,0,0,0,1,0,0.67,1,17,1,0,1,0.24,0,0,0,0,warezmaster
0,tcp,ftp_data,SF,12983,0,0,0,0,0,0,0,0,0,0,0,0,0,0,0,0,0,2,2,0,0,0,0,1,0,0,161,82,0.51,0.03,0.51,0,0,0,0.01,0,normal
0,tcp,private,REJ,0,0,0,0,0,0,0,0,0,0,0,0,0,0,0,0,0,0,134,20,0.16,0.4,0.84,0.6,0.15,0.06,0,255,20,0.08,0.06,0,0,0.09,0.4,0.91,0.6,neptune
0,tcp,http,SF,343,462,0,0,0,0,0,1,0,0,0,0,0,0,0,0,0,0,5,7,0,0,0,0,1,0,0.43,255,255,1,0,0,0,0,0,0,0,normal
0,tcp,private,REJ,0,0,0,0,0,0,0,0,0,0,0,0,0,0,0,0,0,0,152,19,0,0,1,1,0.12,0.07,0,255,19,0.07,0.06,0,0,0,0,1,1,neptune
3,tcp,telnet,SF,119,174,0,0,0,0,1,0,0,0,0,0,0,0,0,0,0,0,1,1,0,0,0,0,1,0,0,255,17,0.07,0.02,0,0,0,0,0,0.06,guess_passwd
0,tcp,http,SF,228,13466,0,0,0,0,0,1,0,0,0,0,0,0,0,0,0,0,1,1,0,0,0,0,1,0,0,255,255,1,0,0,0,0,0,0,0,normal
0,icmp,ecr_i,SF,1032,0,0,0,0,0,0,0,0,0,0,0,0,0,0,0,0,0,511,511,0,0,0,0,1,0,0,255,169,0.66,0.02,0.67,0,0,0,0,0,smurf
0,tcp,smtp,SF,3514,388,0,0,0,0,0,1,0,0,0,0,0,0,0,0,0,0,1,1,0,0,0,0,1,0,0,255,16,0.06,0.77,0,0,0,0,0.74,0,normal
0,tcp,http,SF,54540,8314,0,0,0,2,0,1,1,0,0,0,0,0,0,0,0,0,5,6,0,0,0,0,1,0,0.33,255,254,1,0.01,0,0,0,0,0.05,0.05,back
7682,tcp,telnet,SF,0,44,0,0,0,0,0,0,0,0,0,0,0,0,0,0,0,0,1,1,0,0,0,0,1,0,0,255,162,0.64,0.02,0,0,0.53,0.51,0.01,0.01,processtable
0,tcp,private,REJ,0,0,0,0,0,0,0,0,0,0,0,0,0,0,0,0,0,0,250,15,0,0,1,1,0.06,0.07,0,255,15,0.06,0.08,0,0,0,0,1,1,neptune
0,tcp,other,S0,0,0,0,0,0,0,0,0,0,0,0,0,0,0,0,0,0,0,412,1,0.17,1,0.81,0,0,1,0,255,1,0,0.95,0,0,0.13,1,0.85,0,satan
0,icmp,ecr_i,SF,1008,0,0,0,0,0,0,0,0,0,0,0,0,0,0,0,0,0,436,436,0,0,0,0,1,0,0,255,255,1,0,1,0,0,0,0,0,smurf
7,tcp,other,REJ,0,0,0,0,0,0,0,0,0,0,0,0,0,0,0,0,0,0,436,1,0.05,0,0.95,1,0,1,0,255,1,0,1,0,0,0.05,0,0.95,1,saint
0,tcp,http,SF,193,759,0,0,0,0,0,1,0,0,0,0,0,0,0,0,0,0,3,16,0,0,0,0,1,0,0.12,70,255,1,0,0.01,0.01,0,0,0,0,normal
0,tcp,http,SF,194,264,0,0,0,0,0,1,0,0,0,0,0,0,0,0,0,0,6,23,0,0,0,0,1,0,0.17,45,255,1,0,0.02,0.04,0,0,0,0,normal
0,udp,domain_u,SF,44,131,0,0,0,0,0,0,0,0,0,0,0,0,0,0,0,0,97,177,0,0,0,0,1,0,0.01,255,255,1,0,0,0,0,0,0,0,normal
0,tcp,private,SH,0,0,0,0,0,0,0,0,0,0,0,0,0,0,0,0,0,0,2,1,1,1,0,0,0.5,1,0,3,1,0.33,1,1,0,1,1,0,0,nmap
0,tcp,http,SF,54540,8314,0,0,0,2,0,1,1,0,0,0,0,0,0,0,0,0,5,5,0,0,0,0,1,0,0,255,237,0.93,0.01,0,0,0,0,0.02,0.02,back
0,tcp,private,REJ,0,0,0,0,0,0,0,0,0,0,0,0,0,0,0,0,0,0,170,10,0,0,1,1,0.06,0.06,0,255,10,0.04,0.06,0,0,0,0,1,1,neptune
0,udp,domain_u,SF,44,44,0,0,0,0,0,0,0,0,0,0,0,0,0,0,0,0,2,7,0,0,0,0,1,0,0.43,255,250,0.98,0.01,0.01,0,0,0,0,0,normal
0,tcp,private,S0,0,0,0,0,0,0,0,0,0,0,0,0,0,0,0,0,0,0,122,17,1,1,0,0,0.14,0.07,0,255,17,0.07,0.06,0,0,1,1,0,0,neptune
0,tcp,auth,REJ,0,0,0,0,0,0,0,0,0,0,0,0,0,0,0,0,0,0,249,11,0,0,1,1,0.04,0.07,0,255,11,0.04,0.07,0,0,0,0,1,1,neptune
7593,tcp,telnet,S2,0,15,0,0,0,0,0,0,0,0,0,0,0,0,0,0,0,0,1,22,1,0.14,0,0.82,1,0,0.95,255,179,0.7,0.03,0,0,0.33,0.47,0.12,0.08,processtable
0,udp,domain_u,SF,44,44,0,0,0,0,0,0,0,0,0,0,0,0,0,0,0,0,165,164,0,0,0,0,0.99,0.01,0,255,254,1,0.01,0,0,0,0,0,0,normal
0,tcp,telnet,REJ,0,0,0,0,0,0,0,0,0,0,0,0,0,0,0,0,0,0,1,13,0,0.15,1,0.85,1,0,0.92,249,5,0.02,0.03,0,0,0,0,0.03,0.4,mscan
0,tcp,ssh,REJ,0,0,0,0,0,0,0,0,0,0,0,0,0,0,0,0,0,0,230,18,0,0,1,1,0.08,0.06,0,255,18,0.07,0.07,0,0,0,0,1,1,neptune
0,tcp,kshell,REJ,0,0,0,0,0,0,0,0,0,0,0,0,0,0,0,0,0,0,141,15,0,0,1,1,0.11,0.06,0,255,15,0.06,0.05,0,0,0,0,1,1,neptune
0,tcp,private,REJ,0,0,0,0,0,0,0,0,0,0,0,0,0,0,0,0,0,0,108,20,0,0,1,1,0.19,0.06,0,255,20,0.08,0.05,0,0,0,0,1,1,neptune
0,tcp,http,SF,54540,8314,0,0,0,2,0,1,1,0,0,0,0,0,0,0,0,0,3,3,0,0,0.67,0.67,1,0,0,255,254,1,0.01,0,0,0,0,0.05,0.05,back
0,icmp,ecr_i,SF,1032,0,0,0,0,0,0,0,0,0,0,0,0,0,0,0,0,0,451,451,0,0,0,0,1,0,0,255,255,1,0,1,0,0,0,0,0,smurf
0,udp,private,SF,52,51,0,0,0,0,0,0,0,0,0,0,0,0,0,0,0,0,503,503,0,0,0,0,1,0,0,255,255,1,0,0.82,0,0,0,0,0,normal
0,udp,domain_u,SF,29,0,0,0,0,0,0,0,0,0,0,0,0,0,0,0,0,0,1,2,0,0,0,0,1,0,1,185,23,0.12,0.03,0.12,0,0,0,0,0,normal
0,tcp,http,SF,228,5832,0,0,0,0,0,1,0,0,0,0,0,0,0,0,0,0,3,4,0,0,0,0,1,0,0.5,132,255,1,0,0.01,0.02,0,0,0,0,normal
0,tcp,imap4,RSTO,0,44,0,0,0,0,0,0,0,0,0,0,0,0,0,0,0,0,2,1,0,0,1,1,0.5,1,0,255,53,0.21,0.02,0.01,0,0,0,0.78,0.96,mscan
0,icmp,ecr_i,SF,1032,0,0,0,0,0,0,0,0,0,0,0,0,0,0,0,0,0,511,511,0,0,0,0,1,0,0,239,222,0.93,0.01,0.93,0,0,0,0,0,smurf
0,udp,private,SF,45,0,0,0,0,0,0,0,0,0,0,0,0,0,0,0,0,0,5,5,0,0,0,0,1,0,0,255,255,1,0,0.01,0,0,0,0,0,snmpguess
0,tcp,http,SF,235,2772,0,0,0,0,0,1,0,0,0,0,0,0,0,0,0,0,18,24,0,0,0,0,1,0,0.17,255,255,1,0,0,0,0,0,0,0,normal
0,tcp,http,SF,298,1119,0,0,0,0,0,1,0,0,0,0,0,0,0,0,0,0,22,22,0,0,0,0,1,0,0,51,255,1,0,0.02,0.11,0,0,0,0,normal
0,tcp,http,SF,265,15201,0,0,0,0,0,1,0,0,0,0,0,0,0,0,0,0,1,8,0,0,0,0,1,0,0.25,4,31,1,0,0.25,0.16,0.25,0.03,0,0,normal
283,tcp,ftp,SF,162,599,0,0,0,2,0,1,0,0,0,0,0,0,0,0,0,1,1,1,0,0,0,0,1,0,0,219,72,0.33,0.03,0,0,0,0,0,0,warezmaster
0,icmp,ecr_i,SF,1032,0,0,0,0,0,0,0,0,0,0,0,0,0,0,0,0,0,510,510,0,0,0,0,1,0,0,255,97,0.38,0.02,0.38,0,0,0,0,0,smurf
0,tcp,private,REJ,0,0,0,0,0,0,0,0,0,0,0,0,0,0,0,0,0,0,224,16,0,0,1,1,0.07,0.08,0,255,16,0.06,0.08,0,0,0,0,1,1,neptune
0,udp,private,SF,46,43,0,0,0,0,0,0,0,0,0,0,0,0,0,0,0,0,62,62,0,0,0,0,1,0,0,255,255,1,0,0.24,0,0,0,0,0,normal
0,tcp,http,SF,282,2288,0,0,0,0,0,1,0,0,0,0,0,0,0,0,0,0,2,2,0,0,0,0,1,0,0,3,255,1,0,0.33,0.03,0,0,0,0,normal
0,udp,domain_u,SF,44,44,0,0,0,0,0,0,0,0,0,0,0,0,0,0,0,0,66,146,0,0,0,0,1,0,0.01,255,242,0.95,0.01,0.01,0,0,0,0,0,normal
0,tcp,http,SF,337,912,0,0,0,0,0,1,0,0,0,0,0,0,0,0,0,0,16,28,0,0,0,0,1,0,0.07,48,255,1,0,0.02,0.01,0,0,0,0,normal
0,tcp,http,SF,327,1885,0,0,0,0,0,1,0,0,0,0,0,0,0,0,0,0,8,8,0,0,0,0,1,0,0,185,255,1,0,0.01,0.01,0,0,0,0,normal
0,tcp,pop_3,RSTO,0,137,0,0,0,0,0,1,0,0,0,0,0,0,0,0,0,0,2,4,0,0,0.5,0.75,0.5,1,1,255,18,0.07,0.02,0,0,0,0,0.2,1,mscan
0,tcp,private,SH,0,0,0,0,0,0,0,0,0,0,0,0,0,0,0,0,0,0,1,1,1,1,0,0,1,0,0,181,1,0.01,0.99,0.99,0,0.99,1,0,0,nmap
0,tcp,ftp_data,SF,81,0,0,0,0,0,0,0,0,0,0,0,0,0,0,0,0,0,1,1,0,0,0,0,1,0,0,31,19,0.03,0.13,0.03,0.11,0,0,0.03,0,normal
0,tcp,http,SF,213,2131,0,0,0,0,0,1,0,0,0,0,0,0,0,0,0,0,3,3,0,0,0,0,1,0,0,23,255,1,0,0.04,0.02,0,0,0,0,normal
0,tcp,http,SF,324,366,0,0,0,0,0,1,0,0,0,0,0,0,0,0,0,0,9,13,0,0,0,0,1,0,0.23,255,255,1,0,0,0,0,0,0,0,normal
0,tcp,telnet,S3,0,44,0,0,0,0,0,0,0,0,0,0,0,0,0,0,0,0,1,1,1,1,0,0,1,0,0,255,129,0.51,0.03,0,0,0.21,0.41,0.11,0.1,processtable
0,icmp,ecr_i,SF,1008,0,0,0,0,0,0,0,0,0,0,0,0,0,0,0,0,0,328,328,0,0,0,0,1,0,0,255,255,1,0,1,0,0,0,0,0,smurf
0,tcp,http,SF,325,2005,0,0,0,0,0,1,0,0,0,0,0,0,0,0,0,0,3,32,0,0,0,0,1,0,0.22,255,255,1,0,0,0,0,0,0,0,normal
899,tcp,http,RSTR,59424,0,0,0,0,0,0,1,0,0,0,0,0,0,0,0,0,0,92,92,0.01,0.01,0.98,0.98,1,0,0,255,255,1,0,0,0,0,0,0.35,0.35,apache2
0,tcp,http,SF,235,241,0,0,0,0,0,1,0,0,0,0,0,0,0,0,0,0,3,16,0,0,0,0,1,0,0.19,40,245,1,0,0.03,0.03,0,0,0,0,normal
0,tcp,private,REJ,0,0,0,0,0,0,0,0,0,0,0,0,0,0,0,0,0,0,246,15,0,0,1,1,0.06,0.06,0,255,15,0.06,0.07,0,0,0,0,1,1,neptune
0,tcp,private,S0,0,0,0,0,0,0,0,0,0,0,0,0,0,0,0,0,0,0,164,20,1,1,0,0,0.12,0.1,0,255,20,0.08,0.1,0,0,1,1,0,0,neptune
0,tcp,telnet,S0,0,0,0,0,0,0,0,0,0,0,0,0,0,0,0,0,0,0,130,130,1,1,0,0,1,0,0,255,226,0.89,0.06,0,0,0.87,0.98,0.02,0,neptune
1,tcp,smtp,SF,2599,293,0,0,0,0,0,1,0,0,0,0,0,0,0,0,0,0,2,2,0,0,0,0,1,0,0,255,153,0.6,0.13,0,0,0,0,0.39,0,mailbomb
0,udp,other,SF,1,1,0,0,0,0,0,0,0,0,0,0,0,0,0,0,0,0,400,1,0,0,0,0,0,1,0,255,1,0,1,1,0,0,0,0,0,satan
0,tcp,private,REJ,0,0,0,0,0,0,0,0,0,0,0,0,0,0,0,0,0,0,149,9,0,0,1,1,0.06,0.05,0,255,9,0.04,0.05,0,0,0,0,1,1,neptune
0,tcp,http,SF,54540,8314,0,0,0,2,0,1,1,0,0,0,0,0,0,0,0,0,3,7,0,0,0,0,1,0,0.43,255,255,1,0,0,0,0,0,0.04,0.04,back
0,tcp,http,SF,164,366,0,0,0,0,0,1,0,0,0,0,0,0,0,0,0,0,1,1,0,0,0,0,1,0,0,8,255,1,0,0.12,0.02,0,0,0,0,normal
0,tcp,http,SF,314,265,0,0,0,0,0,1,0,0,0,0,0,0,0,0,0,0,14,15,0,0,0,0,1,0,0.13,28,255,1,0,0.04,0.01,0.04,0,0,0,normal
0,tcp,http,SF,352,705,0,0,0,0,0,1,0,0,0,0,0,0,0,0,0,0,1,1,0,0,0,0,1,0,0,213,255,1,0,0,0.02,0,0,0,0,normal
0,udp,domain_u,SF,44,44,0,0,0,0,0,0,0,0,0,0,0,0,0,0,0,0,230,230,0,0,0,0,1,0,0,255,255,1,0,0,0,0,0,0,0,normal
0,udp,domain_u,SF,45,134,0,0,0,0,0,0,0,0,0,0,0,0,0,0,0,0,158,238,0,0,0,0,0.99,0.01,0.01,255,254,1,0.01,0,0,0,0,0,0,normal
0,tcp,http,SF,301,936,0,0,0,0,0,1,0,0,0,0,0,0,0,0,0,0,44,44,0,0,0,0,1,0,0,255,255,1,0,0,0,0,0,0,0,normal
0,tcp,ssh,S0,0,0,0,0,0,0,0,0,0,0,0,0,0,0,0,0,0,0,112,12,1,1,0,0,0.11,0.06,0,255,12,0.05,0.05,0,0,1,1,0,0,neptune
0,tcp,telnet,SF,122,174,0,0,0,0,1,0,0,0,0,0,0,0,0,0,0,0,1,1,0,0,0,0,1,0,0,255,255,1,0,0,0,0,0,0.02,0.02,guess_passwd
0,icmp,ecr_i,SF,1032,0,0,0,0,0,0,0,0,0,0,0,0,0,0,0,0,0,114,114,0,0,0,0,1,0,0,255,18,0.07,0.89,0.07,0,0.15,0,0.77,0,smurf
0,icmp,eco_i,SF,18,0,0,0,0,0,0,0,0,0,0,0,0,0,0,0,0,0,1,1,0,0,0,0,1,0,0,1,11,1,0,1,1,0,0,0,0,ipsweep
0,tcp,imap4,RSTO,0,44,0,0,0,0,0,0,0,0,0,0,0,0,0,0,0,0,2,7,0,0,1,0.86,0.5,1,1,182,59,0.24,0.03,0.01,0.03,0,0,0.89,0.98,mscan
0,tcp,pop_3,SF,30,217,0,0,0,0,0,1,0,0,0,0,0,0,0,0,0,0,1,1,0,0,0,0,1,0,0,50,11,0.22,0.1,0.02,0,0,0,0,0,guess_passwd
0,tcp,http,SF,296,6482,0,0,0,0,0,1,0,0,0,0,0,0,0,0,0,0,23,27,0,0,0,0,1,0,0.15,255,255,1,0,0,0,0,0,0,0,normal
0,tcp,auth,SF,9,34,0,0,0,0,0,0,0,0,0,0,0,0,0,0,0,0,1,1,0,0,0,0,1,0,0,1,1,1,0,1,0,0,0,0,0,sendmail
0,tcp,private,S0,0,0,0,0,0,0,0,0,0,0,0,0,0,0,0,0,0,0,158,17,1,1,0,0,0.11,0.08,0,255,17,0.07,0.09,0,0,1,1,0,0,neptune
0,tcp,name,S0,0,0,0,0,0,0,0,0,0,0,0,0,0,0,0,0,0,0,256,7,1,1,0,0,0.03,0.06,0,255,7,0.03,0.06,0,0,1,1,0,0,neptune
1,tcp,smtp,SF,2599,293,0,0,0,0,0,1,0,0,0,0,0,0,0,0,0,0,2,2,0,0,0,0,1,0,0,255,106,0.42,0.14,0,0,0,0,0.57,0,mailbomb
0,tcp,private,REJ,0,0,0,0,0,0,0,0,0,0,0,0,0,0,0,0,0,0,114,6,0,0,1,1,0.05,0.08,0,255,6,0.02,0.06,0,0,0,0,1,1,neptune
0,udp,private,SF,54,56,0,0,0,0,0,0,0,0,0,0,0,0,0,0,0,0,494,494,0,0,0,0,1,0,0,255,255,1,0,1,0,0,0,0,0,normal
0,tcp,http,SF,361,1234,0,0,0,0,0,1,0,0,0,0,0,0,0,0,0,0,24,24,0,0,0,0,1,0,0,255,255,1,0,0,0,0,0,0,0,normal
0,tcp,private,REJ,0,0,0,0,0,0,0,0,0,0,0,0,0,0,0,0,0,0,292,3,0,0,1,1,0.01,0.06,0,255,3,0.01,0.07,0,0,0,0,1,1,neptune
0,tcp,private,REJ,0,0,0,0,0,0,0,0,0,0,0,0,0,0,0,0,0,0,232,11,0,0,1,1,0.05,0.07,0,255,11,0.04,0.08,0,0,0,0,1,1,neptune
0,tcp,http,SF,306,4625,0,0,0,0,0,1,0,0,0,0,0,0,0,0,0,0,4,4,0,0,0,0,1,0,0,115,255,1,0,0.01,0.02,0,0,0,0,normal
0,udp,private,SF,1,1,0,0,0,0,0,0,0,0,0,0,0,0,0,0,0,0,145,1,0,0,0,0,0.01,1,0,255,1,0,0.88,1,0,0,0,0,0,satan
0,tcp,other,REJ,0,0,0,0,0,0,0,0,0,0,0,0,0,0,0,0,0,0,1,1,0,0,1,1,1,0,0,255,18,0.07,0.02,0,0,0,0,0.08,0.94,httptunnel
0,udp,domain_u,SF,46,134,0,0,0,0,0,0,0,0,0,0,0,0,0,0,0,0,63,217,0,0,0,0,1,0,0.01,194,216,0.89,0.01,0.89,0.01,0,0,0.06,0,normal
0,tcp,ftp_data,SF,42562,0,0,0,0,0,0,0,0,0,0,0,0,0,0,0,0,0,1,1,0,0,0,0,1,0,0,60,17,0.13,0.08,0.13,0.12,0,0.06,0,0,normal
0,tcp,pop_3,S0,0,0,0,0,0,0,0,0,0,0,0,0,0,0,0,0,0,0,1,3,1,1,0,0,1,0,1,59,84,0.32,0.05,0.02,0.04,1,1,0,0,mscan
2069,tcp,http,RSTR,72564,0,0,0,0,0,0,1,0,0,0,0,0,0,0,0,0,0,12,12,0,0,1,1,1,0,0,255,237,0.93,0.01,0,0,0,0,0.18,0.2,apache2
